Fecha,mae
28/06/22,0.7212191701941922
29/06/22,0.6444912720030498
30/06/22,0.6451216360506579
01/07/22,0.6453294258942632
02/07/22,0.6219674588150155
03/07/22,0.6219674588150155
