Fecha,mae
28/06/22,0.6675468400297437
28/06/22,0.6675468400297437
