Fecha,mae
28/06/22,0.7212191701941922
29/06/22,0.6444912720030498
